,Date,news
0,31-01-2022,Covid war room to resume operation in Kerala
1,31-01-2022,MP vs MLA: War of words continues
2,30-01-2022,No more ‘let’s grab a drink sometime’... Dry dating is trending during the pandemic
3,30-01-2022,Arjun triumphs in Tata Challengers
4,30-01-2022,Audio books link digital education with traditional oral teaching amid pandemic
5,29-01-2022,US warns of war if Russia invades Ukraine
6,29-01-2022,US warns of war if Russia invades Ukraine
7,29-01-2022,This mth saw highest Covid cases since pandemic began
8,29-01-2022,Bengaluru: Iconic image from World War II being replicated in Padmanabhanagar park
9,28-01-2022,Sensex tanks 581 points as Federal Reserve signals rate hike
10,28-01-2022,Sensex tanks 581 pts as hawkish Fed roils mkts
11,28-01-2022,DK schools gear up for SSLC exam amidst pandemic
12,28-01-2022,DK schools gear up for SSLC exam amidst pandemic
13,27-01-2022,"Fed says US interest rates could rise in March, Powell expects inflation to fall this year"
14,27-01-2022,Wellness vacays see rise in popularity amid pandemic stress
15,27-01-2022,"Sensex slumps over 1,100 points in early trade; Nifty falls below 16,950"
16,27-01-2022,Tata Steel Masters: R Praggnanandhaa beats Vidit Gujrathi; Carlsen stays in front
17,27-01-2022,No chance of reduction in inflation for another three months: Pak finance minister
18,27-01-2022,Chennai Corporation pays Rs 12 lakh to MTC for ferrying workers during Sunday lockdown
19,26-01-2022,Union Budget 2022: Households wrestle with inflation as incomes dip
20,26-01-2022,60% of police awards go to J&K amid war on terror
21,26-01-2022,"After 5-day losing streak, sensex sees bounceback"
22,26-01-2022,Automobile industry’s semiconductor crisis is exacerbated by use of older generation chips
23,26-01-2022,"After 5-day losing streak, sensex sees bounceback"
24,26-01-2022,Pandemic hits tricolour sales in Jaipur
25,25-01-2022,"Sensex dives 1,500 points on selling by foreign funds"
26,25-01-2022,Pandemic effect: General medicine gets an edge in Karnataka colleges
27,25-01-2022,"Sensex dives 1.5k pts on selling by foreign funds, LTCG rumour"
28,25-01-2022,"Won’t defer civic polls, but monitor it for pandemic protocol: Madras HC"
29,25-01-2022,"Delhi: BJP, AAP in a war of words over Lokpal issue"
30,25-01-2022,Netaji legacy: BJP-TMC war of words on
31,25-01-2022,Pune: Covid pandemic plays spoilsport for couples this year too
32,24-01-2022,"Rate of hospitalisation drops below 1%, lowest in pandemic"
33,24-01-2022,"As pandemic lingers, schools go to forgotten students in hour of need"
34,24-01-2022,Assam Baibhav award for Ratan Tata
35,23-01-2022,"Pune: From war of words to fisticuffs, all because of the humble mask"
36,23-01-2022,Coimbatore: Tipplers throng Tasmac shops to stock up ahead of lockdown
37,22-01-2022,Shilpa Shetty shares a post about 'Letting go': Lose some battles to win the war
38,22-01-2022,"Andhra Pradesh: V Vijayasai Reddy heckles rebel MP, war of words escalates on Twitter"
39,22-01-2022,"Grain traders urge govt to end curfew, lockdown"
40,21-01-2022,"Amar Jawan Jyoti to be put out, ‘merged’ with flame at National War Memorial"
41,21-01-2022,"Sensex tanks 634 pts, loses 1.8k in 3 days"
42,21-01-2022,"HUL Q3 net up 17% at ₹2,243cr amid inflation"
43,21-01-2022,"HUL Q3 net up 17% at Rs 2,243cr amid inflation"
44,21-01-2022,"Sensex tanks 634 points, loses 1.8k in 3 days"
45,20-01-2022,NSE top in derivatives globally
46,20-01-2022,"Rising US yields, crude prices spook St, sensex dips 656 pts"
47,20-01-2022,NSE top derivatives trading exchange globally
48,20-01-2022,Tata Power to move CERC over move to exit pact with NTPC
49,19-01-2022,Sensex tanks nearly 1% on global cues
50,19-01-2022,"Karnataka: Fever clinics, Covid war rooms to come up in villages"
51,19-01-2022,More than 150 cops in Visakhapatnam hit by pandemic
52,19-01-2022,HC junks Tata Power plea to exit NTPC pact for sourcing electricity
53,19-01-2022,More than 150 cops in Vizag hit by pandemic
54,18-01-2022,"Auto, energy stocks drive sensex gains"
55,18-01-2022,Bengaluru: Pandemic fuels dip in takers for auto permits
56,17-01-2022,Congress's 20 Uttarakhand seats caught in Rawat-rival tug of war
57,17-01-2022,"In lockdown years, rape cases more than halved in Noida"
58,17-01-2022,Maharashtra saw 13% rise in drowning deaths in lockdown year: NCRB
59,17-01-2022,Less adherence to total lockdown in Madurai
60,17-01-2022,Coimbatore: Lockdown mars Kaanum Pongal festivities
61,16-01-2022,"Tamil Nadu: AIADMK calls for war on ‘corrupt, dynastic’ DMK rule"
62,16-01-2022,Pandemic triggered loneliness in elderly: Study
63,15-01-2022,Pandemic casts shadow on Sankranti festivities
64,15-01-2022,"Builder occupied war hero’s land, booked"
65,15-01-2022,"Aurangabad police range clears 46,000 pending cases during lockdown"
66,14-01-2022,"Record US inflation growing concern for Fed, business"
67,14-01-2022,"Record US inflation growing concern for Fed, business"
68,14-01-2022,Pandemic crunch: Ahmedabad's Sundarvan zoo raising funds
69,14-01-2022,"Ahead of polls, SP sets up IT war room to connect with voters digitally"
70,14-01-2022,Prayagraj: Magh Mela begins today in shadow of pandemic
71,14-01-2022,Industry experts against lockdown
72,13-01-2022,"US inflation 'too high,' lowering it a priority: Fed's Brainard"
73,13-01-2022,"US inflation 'too high,' lowering it a priority: Fed's Brainard"
74,13-01-2022,Gujarat fails to reimburse schools for girls’ fee waiver in pandemic years
75,13-01-2022,"Precautions will continue, but no lockdown in city for now, says DC"
76,13-01-2022,"Sensex crosses 61k mark again, mcap at 280L cr"
77,13-01-2022,Maharashtra: Rs 207 crore netted in fines since the pandemic began in 2020
78,13-01-2022,PIB’s tweet on Vivekananda and 1857 freedom war stuns experts
79,13-01-2022,"Stocks up, dollar down; US inflation data surges as forecast"
80,13-01-2022,"Stocks up, dollar down; US inflation data surges as forecast"
81,13-01-2022,"Sensex crosses 61,000 mark again, BSE mcap hits Rs 280 lakh crore"
82,12-01-2022,"The pandemic taught me to value relationships, keep people close & love them dearly: Zakir Khan"
83,12-01-2022,Lockdown hits fitness industry again Gyms go the extra mile to attract customers this New Year
84,12-01-2022,Federal Reserve chief Jerome Powell pledges to fight inflation in second term
85,12-01-2022,"Govt set to become largest shareholder in Vodafone Idea, get stake in Tata Tele"
86,12-01-2022,Cyber harassment cases see upswing in pandemic
87,11-01-2022,Lockdown in Tamil Nadu: All places of worship shut from January 14 to 18
88,11-01-2022,"Covid-19: Kerala government to wait and watch, no curfew or lockdown for now"
89,11-01-2022,"Covid lockdown will hamper revival, says CII to Kerala CM Pinarayi Vijayan"
90,11-01-2022,Jaipur: Traders fear another Covid lockdown soon
91,11-01-2022,Ludhiana village hails British New Year honour to its lockdown hero
92,10-01-2022,Equestrian sports help youngsters get outdoor action this pandemic
93,10-01-2022,Chennai: Helpline to clear doubts on lockdown
94,10-01-2022,Chennai: It went by drill on first Sunday lockdown of third Covid wave
95,10-01-2022,Tamil Nadu: Tasmac nets Rs 218 crore in lockdown eve liquor sales
96,10-01-2022,Lockdown lessons on learning outcomes
97,10-01-2022,Covid-19: West Bengal’s daily case surge smashes pandemic record
98,10-01-2022,"196 fatal accidents in 2021, fewer than Covid lockdown year"
99,10-01-2022,Gang war creates panic
100,10-01-2022,Total lockdown sees high compliance
101,09-01-2022,Chennai: Social distancing goes for a toss on eve of lockdown
102,09-01-2022,"No total lockdown in Kerala, says health minister"
103,09-01-2022,"No need of lockdown for now, says CM"
104,09-01-2022,"No need of lockdown as of now, says Chhattisgarh CM"
105,09-01-2022,Jaisalmer military war museum shut to prevent spread of virus
106,09-01-2022,Industry bodies seek lockdown leniency
107,09-01-2022,"Meat, fish stalls see brisk sales ahead of lockdown"
108,09-01-2022,24x7 Covid war room gets activated in Kolhapur district
109,08-01-2022,Mixed reactions from Chennaiites about Sunday lockdown and restrictions
110,08-01-2022,Karnataka Covid war room wins Centre’s award for use of tech
111,08-01-2022,312 police checkpoints in Chennai to ensure strict lockdown
112,08-01-2022,Tata Consumer Products to focus on value-add product extensions: CEO
113,08-01-2022,8 war rooms to be set up in Nashik
114,08-01-2022,Tata Consumer Products to focus on value-add product extensions: CEO
115,08-01-2022,700 cops to enforce total lockdown tomorrow
116,07-01-2022,"Locals will not be stopped, no lockdown for now: Maharashtra health minister"
117,07-01-2022,"Locals will not be stopped, no lockdown for now: Maharashtra health minister"
118,07-01-2022,"Locals will not be stopped, no lockdown for now: Maharashtra health minister"
119,07-01-2022,"Sensex falls 621 points on hawkish US Fed, Omicron"
120,07-01-2022,"Bengaluru transporters say curbs will hit income, can’t afford another lockdown"
121,07-01-2022,"Sensex falls 621 points on hawkish US Fed, Omicron"
122,06-01-2022,"15,014: Most daily Covid cases in Mumbai since pandemic began"
123,06-01-2022,Sensex reclaims 60k after 4-day rally
124,06-01-2022,Karnataka: Property revenue exceeds target in 2021 amid pandemic pressure
125,06-01-2022,"1,500 jail inmates released on parole, bail in pandemic"
126,05-01-2022,"Twitter war between Cong, BJP"
127,05-01-2022,"Sensex up for 3rd day, nears 60k level again"
128,05-01-2022,"Lockdown no solution, says minister"
129,04-01-2022,"Sensex starts 2022 with a bang, gains 929 points to 59,000"
130,04-01-2022,"States reimpose curbs, but most CMs rule out total lockdown"
131,04-01-2022,"Sensex starts 2022 with a bang, gains 929 pts to 59k"
132,04-01-2022,Congress to go ahead with Mekedatu padayatra even if lockdown is imposed
133,04-01-2022,Kolkata: Metro footfall dips as pandemic curbs set in
134,04-01-2022,"Sensex starts 2022 with a bang, gains 929 pts to 59k"
135,04-01-2022,Not considering lockdown at present: Patil
136,03-01-2022,"Telangana: BJP, police in tug of war over Bandi Sanjay’s GO 317 stir"
137,02-01-2022,Health minister Rajesh Tope rules out lockdown in Maharashtra
138,01-01-2022,Sensex gains 22% in 2021 to end over 58k
139,01-01-2022,Sensex gains 22% in 2021 to end over 58k
140,28-02-2022,"Students in war zone, FS asks Russia, Ukraine envoys to ensure their safety"
141,28-02-2022,Mumbai: Rs 2-lakh deal struck to kill NSE techie by wife’s boyfriend
142,28-02-2022,Bhopal boy who dodged war worries for cousin stranded in Ukraine
143,28-02-2022,"VSP, Tata Steel joint winners"
144,28-02-2022,Drive to focus on kids who missed dose due to lockdown
145,28-02-2022,Carving hope: Sculptors converge in Chandigarh for first time after pandemic
146,27-02-2022,Kids use palette and paintbrush to overcome pandemic blues
147,27-02-2022,"Kolkata: War in Ukraine 6,000km away, gold price soars in mid-wedding season"
148,27-02-2022,"Back home, but worried for friends stranded in war zone"
149,26-02-2022,Sensex rebounds over 1.3k pts as Russian oil supply not disrupted
150,26-02-2022,Sensex rebounds over 1.3k pts as Russian oil supply not disrupted
151,26-02-2022,"At 131, active Covid cases in Nashik least during pandemic"
152,25-02-2022,Automobile inspector loses ₹1.2L in scam call
153,25-02-2022,"Sensex tanks 2,702 points, ends at six-month low"
154,25-02-2022,"War declared, Kolkata students stuck in Ukraine on tenterhooks"
155,25-02-2022,"Top 15 Gujarat companies shed Rs 92,000 crore as sensex dives"
156,25-02-2022,Swine flu cases in Madhya Pradesh dip 99% in 2 years of Covid pandemic
157,25-02-2022,"Two students return to Alwar from war zone, say Indian students in danger"
158,25-02-2022,Chandigarh: PGI healthcare workers worked sans PPEs during Covid pandemic
159,24-02-2022,Sensex falls for 6th day in row amid Ukraine crisis
160,24-02-2022,Kolkata students in Ukraine battle war fears and exam worries
161,24-02-2022,Surviving pandemic via aqua culture
162,23-02-2022,Here comes a song to chase away the pandemic blues for students
163,23-02-2022,Happiness parade to beat pandemic blues
164,23-02-2022,"Sensex yo-yos over 1,000 points on war fears"
165,23-02-2022,Kolkata: Fitness expert fights off pandemic blow to open new outlet after 2 years
166,21-02-2022,Andhra Pradesh: Three youngsters hurt in gang war
167,20-02-2022,CM Hemant Soren lauds Jharkhand Jaguar for ‘successful anti-Red operations’
168,19-02-2022,CBI questions NSE ex-MD; issues lookouts
169,19-02-2022,"Congress, BJP leaders in war of words over Maharana Pratap"
170,19-02-2022,Doubling down: Pandemic forces rising trend of working two jobs
171,18-02-2022,"Having struggled for 100 days, villagers say won’t let politicians win credit war"
172,17-02-2022,No Rs 1 lakh bonus for resident doctors for pandemic work
173,17-02-2022,"Board, mgmt overhauled in last 6 years, says NSE"
174,17-02-2022,TN medicos in Ukraine in a fix amid threat of war with Russia
175,17-02-2022,"West Bengal Covid positivity around 1%, lowest since pandemic began"
176,17-02-2022,"Board, mgmt overhauled in last 6 years, says NSE"
177,17-02-2022,"Pune: Reduced activity in Covid pandemic triggers dementia in senior citizens, say psychiatrists"
178,16-02-2022,"Sensex seesaw of 3,500 its sixth biggest 2-day swing"
179,16-02-2022,"Sensex recovers 1.7k pts as war fears ease, crude slides"
180,16-02-2022,"Mumbai: Only 988 patients in hospital, among lowest in Covid-19 pandemic"
181,16-02-2022,Tata hospital raises Rs 75 crore for paediatric cancer patients over 2 years
182,16-02-2022,Tata plantation co APPL eyes recovery after 7yrs
183,16-02-2022,Madhya Pradesh: Tug of war resumes over 27% OBC reservation
184,15-02-2022,Demand for facial and ab sculpting goes up during COVID-19 pandemic
185,15-02-2022,"Sensex falls 1,747 points, steepest in nearly a year"
186,15-02-2022,"Retail inflation at 7-month high, double-digit WPI for 10th month"
187,15-02-2022,Karnataka governor all praise for BJP govt’s pandemic management
188,15-02-2022,Thiruvananthapuram: Kazhakootam Sainik School on a war footing to regain lost glory
189,14-02-2022,"This Valentine’s Day, pandemic locked down many happy couples"
190,14-02-2022,Increase in car sales lessens pandemic blues for auto sector
191,14-02-2022,Chairman of Tata Sons can’t head Tata Trusts
192,13-02-2022,How ‘Himalayan yogi’ guided ex-MD of NSE
193,13-02-2022,"Ma & Pa stores to plumbers, biz took the e-way in pandemic"
194,13-02-2022,"Ukraine jitters, inflation spur gold price to 12.5-month high"
195,12-02-2022,Chandrasekaran gets 2nd term as Tata Sons chairman
196,12-02-2022,Snack choices broaden in pandemic
197,12-02-2022,Sensex joins global selloff over fears of Fed rate hike
198,12-02-2022,Snack choices broaden in pandemic
199,12-02-2022,Tata Sons retains Chandra as chairman for 5 more years
200,11-02-2022,Chandra set for 2nd term as Tata chief
201,11-02-2022,Sensex rallies on rates status quo
202,11-02-2022,Sensex rallies on rates status quo
203,11-02-2022,N Chandrasekaran set for 2nd term as Tata chief
204,09-02-2022,Chennai: Lockdown goes missing at Ambattur
205,08-02-2022,Survey throws light on self-medication during pandemic
206,08-02-2022,‘Icon of partiality’ triggers KTR-BJP social media war
207,08-02-2022,"Sensex tanks 1,024 points on US rate hike fears, rising crude"
208,07-02-2022,Rise in liver cases in Gurugram: Why drinking during the lockdown is to blame
209,06-02-2022,Covid pandemic pulls down AIDS care in Haryana
210,05-02-2022,Pandemic hits cancer reporting
211,05-02-2022,Industries raise the bar to combat pandemic
212,05-02-2022,Indian Air Force’s biggest war drill to be held at Pokhran
213,04-02-2022,"Students do poorly in PU exams, teachers see effect of lockdown"
214,04-02-2022,This Gurugram boy dedicated lockdown days to helping patients
215,04-02-2022,Sensex tanks 770 pts on fears of rate hike
216,03-02-2022,"Prez debate: BJP fields UP MPs; opposition attacks govt on jobs, inflation"
217,02-02-2022,Tata Steel CEO: Budget inclusive
218,01-02-2022,"Tata Motor records 1,451 crconsolidated loss in Q3"
219,01-02-2022,"Tata Motor records Rs 1,451 cr consolidated loss in Q3"
220,01-02-2022,Sensex rallies on growth forecast
221,01-02-2022,"Delhi: Pandemic adds to anganwadi staff’s woes, protest on for pay"
222,01-02-2022,"3L+ samples tested in a month, max during pandemic"
223,01-02-2022,State signs MoA with Tata Tech to transform 149 ITIs
224,31-03-2022,Shalin Bhanot: Lockdown made me realise that we do not need too much to survive
225,31-03-2022,Students happy but yet to get over pandemic ‘blues’
226,31-03-2022,Russia-Ukraine war fails to sour Nashik grape exports
227,29-03-2022,Kolkata athletes fight pandemic blues to train for mega triathlon
228,29-03-2022,"Sensex swings 700 pts, gains on global cues"
229,29-03-2022,HC upholds order waiving licence fee for shops during lockdown
230,28-03-2022,#LockdownDiaries: I’d call the lockdown phase a period of learning and unlearning: Sundeep Kishan
231,28-03-2022,Congress strengthens social media war room
232,28-03-2022,Tata workers sit on dharna for pay hike
233,28-03-2022,Travel bug bites after 2 years of pandemic lull
234,28-03-2022,KV Dham revives temple’s incomeafter severe dip during pandemic
235,27-03-2022,"Lockdown Diaries: I feel I am a lot calmer and mature after the lockdown, says Anjana"
236,27-03-2022,Sourabh Raaj Jain: I made memories of a lifetime with my kids during the lockdown
237,27-03-2022,"66 airlines, 40+ nations and 3,249 weekly flights: Skies reopen after 2-year pandemic break"
238,27-03-2022,Long power cuts outside Tata Steel areas add to summer woes
239,27-03-2022,"Stuck in war zone, Uttar Pradesh businessman helps Ukraine fight with medicines"
240,26-03-2022,Himansh Kohli: Got a new perspective on how people actually are in the lockdown
241,26-03-2022,Russia signals narrowing war aims on 'liberating' Donbass
242,26-03-2022,War has forced fuel price hikes: Nirmala Sitharaman
243,26-03-2022,MSEDCL & Tata Power tariffs to go down 2-4% in Mumbai from April 1
244,26-03-2022,RBI board assesses hit to eco from Ukraine war
245,26-03-2022,"ID adds muscle over 2 pandemic years, gets 300 Covid beds, 15 BiPAP machines"
246,26-03-2022,RBI board assesses hit to eco from Ukraine war
247,24-03-2022,Haryana: Two-day field survey to assess learning gap due to Covid pandemic
248,24-03-2022,Russian IT professionals leave country amid war
249,24-03-2022,Covid pandemic sweetens the pill for non-pharmaceutical players in Gujarat
250,24-03-2022,"Active Covid cases drop to 50, lowest since pandemic began"
251,24-03-2022,Tata gifts Sabal to PwDs in Steel City
252,23-03-2022,Sensex rebounds 1% on global rally
253,23-03-2022,"TRS takes paddy war to Delhi, mins to meet Goyal"
254,23-03-2022,Kolkata: Life reboots 2 years after lockdown jolt
255,21-03-2022,"Pandemic aggravates dropout rate in 2020-21, reveals report"
256,21-03-2022,Rahaads reopen for Rangpanchami after 2 years of pandemic
257,21-03-2022,SNK league: India Motors XI to clash with National Cricket Club in finals
258,20-03-2022,Edible oil prices on the boil post Ukraine war
259,20-03-2022,"After pandemic hiatus, NH7 Weekender back in city"
260,20-03-2022,Hotel management interns keep away from European stints amid Ukraine war
261,19-03-2022,Collage of stories explore relationship dynamics during Lockdown 1.0
262,19-03-2022,War pushes up sunflower oil prices to Rs 190 per litre
263,19-03-2022,"Inflation set to go up, govt must act to protect people: Rahul Gandhi"
264,19-03-2022,Ukraine's cultural capital no longer distant from the war
265,18-03-2022,Tata Grp focused on building biz for the future: Chairman
266,18-03-2022,Pandemic after-effect: Covid cases on wane but sleep cycle yet to return to old normal
267,18-03-2022,"Russia-Ukraine war may take toll on festive, wedding budgets"
268,18-03-2022,Tata Group focused on building biz for future: Chairman
269,17-03-2022,Sensex soars over 1k pts as crude oil prices slide
270,17-03-2022,Ukraine war film is a missed opportunity for organisers
271,17-03-2022,"Sensex soars over 1,000 points as crude oil prices slide"
272,17-03-2022,Ahmedabad: Tata Motors set to take over Ford’s Sanand plant
273,17-03-2022,"1971 war veteran, wheelchair sporting legend passes away"
274,16-03-2022,Mercedes to continue EV investments despite Ukraine war disruptions
275,15-03-2022,"Mayor Vitali Klitschko, who helped ‘RRR’ shoot in Kyiv, is leading Ukraine's resistance in the war against Russia, says line producer of the film"
276,15-03-2022,"Sensex rises for 5th day, up 3.6k pts from March 7 low"
277,15-03-2022,Mumbai: Tata Power’s distribution loss ‘lowest’
278,14-03-2022,"Log in for classes, Ukraine universities ask Indian medical students ‘locked out’ by war"
279,12-03-2022,Sensex gains for 4th day but ends flat
280,11-03-2022,Sensex scores biggest gain post-state results
281,11-03-2022,Meet the 24-year-old Kolkata pilot who flew out 800 students from Ukraine war zone
282,11-03-2022,Crisil retains growth forecast for FY23 at 7.8% despite war
283,11-03-2022,Sensex scores biggest gain post-state results
284,10-03-2022,Court slams CBI for tardy progress in NSE probe
285,10-03-2022,Co backed by Tata Power acquires UP energy firm
286,10-03-2022,Sensex rebounds 1.2k points to 54.6k on positive global cues
287,10-03-2022,Company backed by Tata Power acquires UP energy firm
288,10-03-2022,FGPDA: Fuel shortage in S’rashtra due to Ukraine war
289,09-03-2022,"Sensex up 581 pts as IT, pharma rally on weak ₹"
290,09-03-2022,"Maharashtra: Men’s death rate higher, more died than women in all three waves of Covid pandemic"
291,09-03-2022,Mumbai: Notice to Tata for its actions on outage day
292,09-03-2022,NSE MD Limaye not to seek another term
293,09-03-2022,"Sensex up 581 pts as IT, pharma rally on weak rupee"
294,08-03-2022,"Oil at nearly 14-year high, sensex sheds 1,500 points, rupee breaches 77/$"
295,08-03-2022,"Oil at nearly 14-year high, sensex sheds 1,500 points, rupee breaches 77/$"
296,08-03-2022,7 days CBI custody for NSE ex-CEO
297,08-03-2022,"7 days in a metro station as Kharkiv was bombed, war finally behind him"
298,08-03-2022,Sensex dives 1.5k pts to 7-mth low
299,08-03-2022,"Sensex dives 1,500 points to 7-month low"
300,08-03-2022,Sensex dives 1.5k pts to 7-mth low
301,08-03-2022,"At PGI, war veteran motivates young doctors"
302,07-03-2022,Some shareholders back NSE team as co invites applications for CEO
303,07-03-2022,"Telangana: War blasts Singareni explosives supply lines, hits coal output"
304,07-03-2022,Some shareholders back NSE team as company invites applications for CEO
305,07-03-2022,War trauma haunts students back at home
306,07-03-2022,Private wedding venues in Kolkata back in business after beating pandemic blues
307,07-03-2022,"As pandemic left its mark, several first-timers enter crime database"
308,06-03-2022,"NSE ex-CEO Chitra Ramkrishna may have cooked up ‘yogi’ story, says court, denies bail"
309,06-03-2022,Putin likens Western sanctions to war as Russian assault traps Ukrainian civilians
310,06-03-2022,"Putin’s war pushes up wheat price, may benefit Indian farmers"
311,06-03-2022,Webinar held on Ukraine war
312,06-03-2022,Developers in Kolkata fear rise in input cost amid war in Ukraine
313,06-03-2022,Tram lovers file RTI on route reintroduction after pandemic
314,06-03-2022,"Ukraine crisis: Andhra Pradesh doctor with leopard, jaguar does not want to leave war zone"
315,05-03-2022,"Ukraine crisis: Russia to punish 'fake' war news, blocks Facebook, Twitter"
316,05-03-2022,Sensex dives 769 points to 8-month low
317,05-03-2022,"T, NSE ink MoU to help MSMEs raise funds on Emerge exchange"
318,05-03-2022,Sensex dives 769 points to 8-month low
319,05-03-2022,Vayu Shakti drill cancelled due to Russia-Ukraine war
320,04-03-2022,"Lillete Dubey to stage lockdown stories, with hope attached"
321,04-03-2022,"Sensex loses initial gains, closes 366 points in red"
322,04-03-2022,Tata Steel to double its production: Chairman N Chandrasekaran
323,04-03-2022,Tata Steel to double its production: Chairman N Chandrasekaran
324,04-03-2022,"Sensex loses initial gains, closes 366 points in red"
325,03-03-2022,"Sensex dives 778 pts as crude surges, FPIs sell"
326,03-03-2022,"Sebi didn’t dilute NSE orders, acted within remit, says Tyagi"
327,03-03-2022,The war through the eyes of an Indian mongrel
328,03-03-2022,‘Next pandemic on animal side’
329,03-03-2022,"Sensex dives 778 pts as crude surges, FPIs sell"
330,03-03-2022,Need admin’s help to make roads safer for commuters: Tata Steel
331,03-03-2022,MP exporters hit by war in Ukraine
332,03-03-2022,Ukraine crisis: International Criminal Court prosecutor to investigate potential war crimes
333,02-03-2022,Ukraine crisis: India seeks safe passage as student dies; 4000 still in war zone
334,02-03-2022,"Power secy blames ‘procedural delay’, Tata Power refutes"
335,02-03-2022,52 from A’bad dist caught in war zone
336,02-03-2022,Catch 1971 war fame aircraft at Sec 18 IAF heritage centre
337,02-03-2022,Putin goes to war and Goa feels the pinch as tourists stay away
338,02-03-2022,BIS raids induction motors unit
339,01-03-2022,"I have cherished memories of Ukraine, hope this war ends soon, says Ehan Bhat"
340,01-03-2022,"Harrowing tale of Noida girl: Failed bid to reach Kyiv, stuck in a bus in war zone, then escape via Romania"
341,01-03-2022,"Sensex gains 389 pts after plummeting over 1,000"
342,01-03-2022,"Sensex gains 389 points after plummeting over 1,000"
343,01-03-2022,‘Nightmares of war zone have followed me back to Durgapur’
344,01-03-2022,Snowstorm on border after storm of war
345,01-03-2022,NCLAT remands back BMW-Parsoli Motors dispute
346,30-04-2022,"With Russia-Ukraine war still on, edible oil crisis to worsen"
347,30-04-2022,North Karnataka districts gear up to face fourth wave of Covid pandemic
348,30-04-2022,Pune Mahanagar Parivahan Mahamandal Ltd cites pandemic for poor upkeep of BRTS stops
349,29-04-2022,War of words over canal-dredging
350,28-04-2022,15 lakh children enrolled in Karnataka’s rural libraries during pandemic
351,28-04-2022,716 HIV cases through blood in lockdown year
352,27-04-2022,Govt concedes lockdown forced large number of migrants to trudge home
353,27-04-2022,"NYSE parent ICE expands Hyd GCC, to take headcount to over 1,200 by 2022"
354,27-04-2022,"85,000+ HIV cases due to unsafe sex during Lockdown 1.0"
355,27-04-2022,Kinfra Park space handed over to Tata Elxsi
356,26-04-2022,Exclusive: Busy bee Dhananjaya has completed nearly a dozen films since first lockdown
357,26-04-2022,Delhi-based band Random Order’s music video pays tribute to healthcare heroes of COVID-19 pandemic
358,26-04-2022,Sensex loses 617 pts more on global cues
359,26-04-2022,Tata Motors regularizes services of over 100 staff
360,26-04-2022,Tata Steel installs ambient air quality monitoring device at Jharia office
361,25-04-2022,Double-digit inflation for a year: 6th spell since 1953 & 1st in 25 years
362,25-04-2022,"2 months on, medical students pin hopes on Indian govt help, end to Ukraine war"
363,25-04-2022,"Telangana: As pandemic ebbs, zakat focus on non-Covid needs"
364,25-04-2022,A place of worship and a war memorial
365,24-04-2022,People prefer healing through sharing and listening post pandemic
366,24-04-2022,Abandoned vehicles clog Chennai roads as pandemic stalls corporation’s drives
367,24-04-2022,"Kolkata: Bruised by pandemic & cyclones, Boipara has little to cheer on World Book Day"
368,23-04-2022,Sensex falls 715 pts after 2-day rally
369,23-04-2022,"Pandemic has shed light on the benefits of ayurvedic medicine, says Sudhakar"
370,22-04-2022,Sebi asks former NSE MD to pay up ₹2-crore fine
371,22-04-2022,Sensex up 874 pts as RIL gains on upgrade by MS
372,20-04-2022,"Tata Steel, Thiess to guide in mining ops"
373,20-04-2022,"Sensex dips 704 points on war, rate hike fears"
374,20-04-2022,Bias’s 150 helps Tata SC put up 439-6
375,20-04-2022,TMC war of words over Lake Gardens clash
376,20-04-2022,Bhopal hospitals reel under staff crunch amid Covid pandemic
377,20-04-2022,"Covid-19: Lockdown hurt utensil sales in Indore, but business shines in wedding glitz"
378,20-04-2022,Food prices drive up inflation
379,19-04-2022,"Sensex sinks 1,172pts on rate hike fears, FPI exits"
380,18-04-2022,Tata Steel to consider stock split
381,18-04-2022,BSF salutes Major’s role in Mukti Bahini formation and Bangla Liberation War
382,16-04-2022,"Putin’s war opens a window, India to export wheat to Egypt"
383,16-04-2022,Lockdown cooled Hyderabad by 2 degree Celsius: Study
384,16-04-2022,Grand Vishu celebrations in Kolkata after two Covid pandemic years
385,16-04-2022,Only Sikh family in German county opens home for war refugees
386,15-04-2022,"US banks build reserves on inflation risk, Russia; trading a bright spot"
387,15-04-2022,Tata Neu appto host otherbrands too
388,15-04-2022,Communities put pandemic behind them to celebrate a new start with friends & family
389,15-04-2022,Gujarat cos outperform Nifty from March low
390,15-04-2022,Lockdown impact: Students struggle with offline classes
391,14-04-2022,Inflation bites: Fast food prices up 5-10%
392,14-04-2022,Gujarat: Tata Motors to produce 2 lakh electric vehicles at Ford plant
393,14-04-2022,Inflation bites: Fast food prices up 5-10%
394,12-04-2022,Maniesh Paul: The lockdown taught me that nothing is permanent
395,12-04-2022,Tata Steel puts Rs 625crore in arm to buy Rohit Ferro
396,12-04-2022,Tech helped judiciary tackle pandemic challenges: Union min
397,12-04-2022,Veranda Learning opens at 14% premium on BSE
398,12-04-2022,"It’s a war of flexis as TRS, BJP battle it out"
399,12-04-2022,Kolkata stands witness to ‘manusher michhil’ as exhibition portrays pangs of the pandemic
400,12-04-2022,"End the war in Ukraine, says German envoy"
401,11-04-2022,Deepika Singh: Lockdown made all of us realise that we should not take our health for granted
402,11-04-2022,NSE bags corporate T-20 cricket trophy
403,11-04-2022,Punjab: Congress expels ex-MLA Surjit Singh Dhiman for war on Warring
404,11-04-2022,Big-bang Bihu to stage comeback after pandemic plays spoilsport for 2 years
405,11-04-2022,‘BJP’s language war threatens nation’s unity’
406,11-04-2022,BJP’s perception war to kill Oppn’s resurrection bid
407,10-04-2022,"Irrigation projects in Madhya Pradesh stalled, tug of war drags on over key post"
408,09-04-2022,Urvashi Dholakia: Lockdown taught me to be more resilient; made me protective of my family
409,09-04-2022,RBI raises inflation projection to 5.7%
410,09-04-2022,"Sensex rallies on status quo, bond yield hits 3-yr high"
411,09-04-2022,"Sensex rallies on status quo, bond yield hits 3-yr high"
412,08-04-2022,Russia-Ukraine war opens gates for export of more Indian products: CAIT
413,08-04-2022,Tata arm’s resolution plan gets NCLT nod
414,08-04-2022,Tata Steel to set up third ITI
415,07-04-2022,Tata Motors to put ₹24k cr in passenger biz
416,06-04-2022,"As pandemic ebbs, healthcare staff have a new challenge — finding jobs"
417,05-04-2022,Putin's war set to put extra burden of ₹1 lakh cr on fertiliser subsidy bill
418,05-04-2022,"Sensex rallies over 1,300 pts on back of HDFC twins"
419,05-04-2022,Rotary holds 1st meet after pandemic
420,05-04-2022,Fests return to college and university campuses after 2-year pandemic break
421,05-04-2022,Tata Power arm commissions 300MW solar plant in Dholera
422,05-04-2022,"Sensex rallies over 1,300 points on back of HDFC twins"
423,04-04-2022,Sivaangi: Blessed to have gotten the opportunity to work during lockdown
424,04-04-2022,Lovlina Borgohain: Used gas cylinders to train myself in the lockdown
425,04-04-2022,RBI likely to hold rates as war clouds growth outlook
426,04-04-2022,RBI likely to hold rates as war clouds growth outlook
427,04-04-2022,"Healing from lockdown trauma, Ramazan instills revival hopes in Bhopal markets"
428,04-04-2022,Cong netas protest against inflation
429,03-04-2022,Donal Bisht: Lockdown has changed my approach towards acting
430,03-04-2022,Why the pandemic has been tough on people living with OCD
431,03-04-2022,Mumbai: Rs 700 crore property tax increase for BMC as Covid pandemic eases
432,03-04-2022,Lawyer’s lockdown leisure activity reaps good returns
433,03-04-2022,State beats lockdown to post 54% growth in GST collection
434,03-04-2022,"Two years on, a Ramzan sans Covid pandemic protocols in Lucknow"
435,02-04-2022,Ugadi festivities in air after pandemic lull
436,02-04-2022,Gold demand nosedives amidst Russia-Ukraine war
437,01-04-2022,"Sensex jumps 17% in FY22, among best shows globally"
438,31-05-2022,Tamil Nadu sanctions Rs 50 crore to clear backlog of pandemic claims
439,31-05-2022,Trumped pandemic blues to ace toughest test
440,31-05-2022,"After pandemic delay, rush for cataract surgery in Kolkata"
441,31-05-2022,"Sensex surges 1,000 points as China eases curbs, monsoon arrives"
442,31-05-2022,Former UK minister says PM Johnson should resign over lockdown parties
443,31-05-2022,"Sensex surges 1k pts as China eases curbs, monsoon arrives"
444,30-05-2022,"YSRC, TDP activists launch flexi banner war to claim NTR legacy in Penamaluru"
445,30-05-2022,Left parties protest against inflation
446,30-05-2022,Call to adopt girl orphaned by pandemic
447,30-05-2022,Cong must have social media war room in each dist: Patole
448,30-05-2022,"Lockdown effect: Ahmedabad continued to breathe better in 2021 too, says study"
449,30-05-2022,"Andhra Pradesh: YSRC, TDP activists launch flexi banner war to claim NTR legacy in Penamaluru"
450,29-05-2022,Tata Motors gets Gujarat nod to take over Ford's Sanand plant
451,29-05-2022,Tata Motors questions e-bus contract to rival bidder
452,29-05-2022,NIFTy idea: Bubble wrap waste to burst
453,28-05-2022,"Iconic rifle, helmet at India Gate shifted to National War Memorial"
454,28-05-2022,Raja Macha: From Tata Indica to CTO of Eaton
455,28-05-2022,"Iconic rifle, helmet at India Gate shifted to National War Memorial"
456,28-05-2022,Persistence of high inflation forces central bks to up rates
457,27-05-2022,World Bank's Malpass says war in Ukraine may trigger global recession
458,27-05-2022,"Jaipur: Congress, BJP councillors in war of words at civic board meet"
459,27-05-2022,Survey: Performance of Bihar students in all grades declined during pandemic
460,27-05-2022,Why FMCG companies can’t shrink sachets anymore even as inflation bites
461,27-05-2022,Tata Power’s 100MW solar project in state
462,26-05-2022,High inflation may delay rejig of GST rates
463,26-05-2022,"Tanna, Kalam bowl Tata SC to ‘B’ Div title"
464,26-05-2022,Madhya Pradesh civic polls: SEC to pull out all stops for safe elections amid pandemic
465,26-05-2022,Kolkata: EV Euro tie-up set to give Hindustan Motors second life after Ambassador
466,26-05-2022,Kolkata: EV Euro tie-up set to give Hindustan Motors second life after Ambassador
467,25-05-2022,Tata Cap Growth Fund to invest in Aarthi Scans
468,25-05-2022,"21 year old man assaulted, shot dead in Jaipur gang war"
469,25-05-2022,"Set up 24x7 war rooms to tackle monsoon, says dist min"
470,25-05-2022,"Increase in inflation not just due to fuel price rise, says ex-RBI guv"
471,25-05-2022,Tata Motors’ Chikhali plant to get largest solar project
472,24-05-2022,"‘Except Japan, advanced ecos’ inflation is over 7%’"
473,23-05-2022,Three days of non-stop fun at this university fest post pandemic lull
474,23-05-2022,Three days of non-stop fun at this university fest post pandemic lull
475,23-05-2022,Automobile franchise fined for delay in getting motorcycle RC
476,21-05-2022,Spl course for pupils who missed e-classes during pandemic
477,20-05-2022,NSIL Sat for Tata Play takes off on IAF's C-17s
478,20-05-2022,Reinforces ethics of judiciary: Ratan Tata
479,20-05-2022,NSIL Sat for Tata Play takes off for French Guiana on IAF’s C-17
480,20-05-2022,Tata must provide civic amenities in non-command areas: Jharkhand MLA
481,19-05-2022,"Tata e-bus bid snub: BEST, co get HC notice"
482,18-05-2022,"WPI inflation at 9-year high of 15.1%, 13th month of double-digit rise"
483,18-05-2022,"Sensex up 1,345 pts in relief rally, regains 54k"
484,18-05-2022,"‘After pandemic, Ukraine war affected semiconductor industry’"
485,18-05-2022,Startup gets further Ratan Tata backing
486,17-05-2022,"Jeff Bezos, White House battle over taxes and inflation"
487,17-05-2022,Russia war dulls Gujarat diamond work
488,17-05-2022,Russia’s war cuts diamond work week in Surat to 4 days
489,16-05-2022,Some states feel the pinch of inflation more
490,16-05-2022,Summer camps go innovative after pandemic break
491,15-05-2022,"Goa CM meets Tata chief, discusses investment in state"
492,15-05-2022,Latest inflation data sparked action to tame wheat prices
493,15-05-2022,"Political war erupts: VD targets Digvijaya, Nath corners govt"
494,15-05-2022,"Election office starts preps on war footing for civic body, panchayat polls"
495,15-05-2022,Tata Marcopolo workers call off strike
496,14-05-2022,"Sensex swings over 1,100 points"
497,14-05-2022,Inflation makes malnutrition worse among Muslim women in Hyderabad
498,14-05-2022,Summer rush for trains from Tata stn back after Cov break
499,14-05-2022,Laugh out loud listening to jokes on the pandemic
500,14-05-2022,"Six tribal youths to attend automobile servicing course, steer towards the future"
501,13-05-2022,"Inflation getting broad-based, RBI set to hike repo by another 1% in FY23: Report"
502,13-05-2022,Rising inflation a crucial challenge for policymakers
503,13-05-2022,"Retail inflation at 8-year high of 7.8% on food, fuel costs"
504,13-05-2022,"Perfect storm pulls sensex down 1,158 pts to below 53k"
505,12-05-2022,BSE Q4 net profit climbs two-fold to Rs 71.52 crore
506,12-05-2022,Russia-Ukraine war hits grape exports from Nashik
507,12-05-2022,"Congress, AAP tug of war over tubewell"
508,11-05-2022,"Exclusive: I faced burnout, but the pandemic helped me heal: Lakshmi Gopalaswamy"
509,11-05-2022,India’s medical inflation highest in Asia: Report
510,11-05-2022,"Jharkhand Mukti Morcha, Congress unite to condemn LPG price rise and inflation"
511,11-05-2022,"Zoo ready to accept NRI’s black panther, jaguar from Ukraine"
512,10-05-2022,"at historic low of 77.53/$, will add to inflation worries"
513,10-05-2022,"₹ at historic low of 77.53/$, will add to inflation worries"
514,10-05-2022,Bombay & Tata legend Avitus D’Cruz no more
515,10-05-2022,Sensex swings 877 points on weak global cues
516,09-05-2022,India Inc girds up for war on inflation
517,09-05-2022,Battle-hardened India Inc girds up for inflation war
518,09-05-2022,Battle-hardened India Inc girds up for inflation war
519,09-05-2022,"At 70, CLT overcomes pandemic but academic pressure on kids a hurdle"
520,09-05-2022,War of words continues
521,08-05-2022,3 injured in gas pipe blast at Tata Steel plant
522,08-05-2022,Techies from Andhra who cheered pandemic homecoming rue decision due to power cuts
523,07-05-2022,Tata chairman buys duplex for Rs 98 crore
524,07-05-2022,"Jaishankar, Italian minister discuss Ukraine, call to end war"
525,07-05-2022,Tata chairman buys duplex he was renting in skyscraper on Pedder Road for 98cr
526,07-05-2022,Tata chairman N Chandrasekaran buys duplex he was renting in skyscraper on Pedder Road for Rs 98 crore
527,07-05-2022,Infant death registration in Maharashtra falls 20% in pandemic
528,07-05-2022,Sensex falls 867 points on global slump
529,07-05-2022,One in 3 spent sleepless nights during pandemic
530,07-05-2022,‘Lockdown Diaries’ charts world upended by pandemic
531,07-05-2022,"As pandemic eases, new power connections rise in Pune zone"
532,06-05-2022,"Inflation, war force companies to shrink IPOs"
533,06-05-2022,"Sensex rises 900 pts, ends flat, ₹ gains 4 days in row"
534,06-05-2022,"Inflation, war force cos to shrink IPOs"
535,06-05-2022,IIM-A survey: Inflation expectations remain high
536,06-05-2022,"India highlights food, energy security challenges emanating from Ukraine war at UNSC"
537,06-05-2022,"India highlights food, energy security challenges emanating from Ukraine war at UNSC"
538,06-05-2022,Tata Steel’s annual summer sports camp from May 15
539,05-05-2022,Price pressure forces RBI to step in to tame inflation
540,05-05-2022,"Sensex sinks 1,307 points on fear of fund outflow"
541,05-05-2022,"Sensex sinks 1,307 pts on fear of fund outflow"
542,04-05-2022,"With Rs 41,749 crore FY22 net, Tata Steel pips TCS as most profitable Tata company"
543,04-05-2022,"With ₹41,749cr FY22 net, Tata Steel pips TCS as most profitable Tata co"
544,04-05-2022,Patna centre of Tata Institute of Social Sciences closed 6 years after inception due to ‘lack of govt support’
545,04-05-2022,Eid-ul-Fitr celebrated with pomp & gaiety after pandemic hiatus
546,03-05-2022,Ukraine's Zelenskyy says Russia forgot World War Two lessons
547,03-05-2022,2-hr remedial classes in govt schools to check learning gaps due to pandemic
548,03-05-2022,Tata Consumer Products plans to expand TN
549,02-05-2022,"Congress attacks Centre over plan to sell Pawan Hans, inflation"
550,02-05-2022,"Out of lockdown woes, road-side food stalls in Bhopal now struggle with price rise heat"
551,02-05-2022,"Inflation hits realty, common man’s dream house gets dearer"
552,02-05-2022,War of words ensues between Rane and Lobo over ‘FIR’
553,01-05-2022,"NIT beats pandemic blues, records 90% placements for UG"
554,30-06-2022,"Maharashtra political crisis: Governor, Sena war of words in SC over impartiality of deputy speaker"
555,30-06-2022,Kolkata: Crowd a concern as Raths set to roll out of pandemic shadow after three years
556,30-06-2022,"Delhi: PWD gets into war mode, adds more measures to fight monsoon flooding"
557,28-06-2022,Companies shorten planning cycle amid pandemic
558,28-06-2022,Persistent inflation will hit demand: Chandra
559,28-06-2022,Telangana with high per capita income sees dipping poverty graph during pandemic
560,28-06-2022,Persistent inflation willhit demand: Chandra
561,27-06-2022,Zelenskyy to press G7 for more help as war rages
562,26-06-2022,"Maharashtra political crisis: Shiv Sena strategises, lays ground for long war ahead"
563,26-06-2022,"Shiv Sena strategizes, lays ground for long war ahead"
564,26-06-2022,Pandemic nutritional deficit: Centre tells Goa to give egg in midday meal
565,24-06-2022,"At Brics meet, PM skips Ukraine issue, discusses pandemic"
566,24-06-2022,"GSAT-24, dedicated sat for Tata Play by NSIL launched"
567,24-06-2022,"Inflation over 6% hurts growth... It has become broad-based and RBI is addressing it, says Das"
568,24-06-2022,Inflation challenge will stay in ’23: HUL
569,24-06-2022,Reminders of a grim past: Kolkata turns to tattoo art to remember pandemic losses
570,24-06-2022,Inflation challenge will stay in ’23: HUL
571,23-06-2022,RBI dy guv wants repo over next yr’s inflation rate
572,23-06-2022,RBI deputy governor wants repo over next year’s inflation rate
573,23-06-2022,"NSIL’s satellite for Tata Play, GSAT-24, launched by Arianespace"
574,23-06-2022,RBI dy governor wants repo over next year's inflation rate
575,23-06-2022,"India's GSAT-24 satellite launched, entire capacity leased to Tata Play"
576,23-06-2022,Tata sets up 150 EV charging points with green fuel in Mumbai
577,22-06-2022,"Sensex gains 934 pts in relief rally, but mkt still cautious"
578,22-06-2022,"Sensex gains 934 points in relief rally, but market still cautious"
579,21-06-2022,"Telangana inflation rate spirals to 9.45% in May, highest in India"
580,21-06-2022,West Bengal: Pandemic shadow over school transport as some start outsourcing bus services
581,20-06-2022,Economic uncertainty during pandemic lowers birth rate
582,19-06-2022,Jharkhand: Protest reaches ’71 war hero’s native district
583,18-06-2022,"Lockdown gave Rajasthan girls stress, hormonal imbalance, finds study"
584,18-06-2022,War of words over power disruption
585,17-06-2022,White water rafting likely to restart at Valpoi after two-year pandemic break
586,17-06-2022,Nagpur: City blood centre gets award for collecting max units during pandemic
587,16-06-2022,Stocks hold gains after Federal Reserve hikes rates to fight inflation
588,16-06-2022,"Maharashtra: After 2 tough pandemic years, Yeola’s Paithani saree sales flourishing again"
589,16-06-2022,"BSE, NSE get Sebi notice on penalties"
590,16-06-2022,"BSE, NSE get Sebi notice on penalties"
591,15-06-2022,"Wholesale price index inflation at record high of 15.9% on costly food, fuel"
592,12-06-2022,Kolkata gets set to fly high in a war machine
593,12-06-2022,Tata conferred honorary D.Litt.
594,11-06-2022,"Sensex dives 1,017 points on global selloff, Covid cases"
595,11-06-2022,"Sensex dives 1,017 pts on global selloff, Covid cases"
596,10-06-2022,"US stocks tumble as rate pressures grow, inflation report looms"
597,10-06-2022,China Covid jitters flare up as parts of Shanghai resume lockdown
598,09-06-2022,"50,000 'wedding scam' during Covid lockdown in Madhya Pradesh under ED lens"
599,09-06-2022,RBI raises inflation forecast to 6.7% from 5.7% for FY23
600,09-06-2022,Parts of Shanghai impose new Covid lockdown measures
601,08-06-2022,Tata Motors to Bombay HC: BEST must be made to call new e-bus bids
602,08-06-2022,"Jaguar hits 3 rickshaw pullers, drags one of them for 20m"
603,08-06-2022,"Post Covid, pandemic of porn starts among teens"
604,08-06-2022,Mumbai: Tata Motors seeks new tender for BEST e-buses’ contract
605,07-06-2022,Two sisters trafficked from Jharkhand during pandemic rescued
606,06-06-2022,Auroville brands use lockdown lessons to tap post-pandemic growth
607,06-06-2022,Auroville brands use lockdown lessons to tap post-pandemic growth
608,06-06-2022,Inflation and rate hike: Hit felt across asset classes
609,06-06-2022,"Sensex slides 227 points in early trade; Nifty falls to 16,517 level"
610,06-06-2022,World War II veterans honored a day before D-Day anniversary
611,05-06-2022,Cancer treatment & beyond: Tata Hosp rebuilds kids’ lives
612,04-06-2022,NSE warns brokers to be alert for ‘fat finger’ trades
613,04-06-2022,Tata Projects bags contract to build Noida International Airport
614,04-06-2022,Tata moves Gujarat HC against farmer 'tilting at windmill'
615,04-06-2022,NSE warns brokers to be alert for ‘fat finger’ trades
616,04-06-2022,NSE warns brokers to be alert for ‘fat finger’ trades
617,03-06-2022,India has taken balanced stand on war in Ukraine: Bhagwat
618,03-06-2022,‘Fat finger’ trade on NSE may have cost broker Rs 250cr loss
619,03-06-2022,‘Fat finger’ trade on NSE may have cost broker Rs 250 crore loss
620,03-06-2022,Russia controlling 'fifth of Ukraine' as war enters 100th day
621,03-06-2022,‘Fat finger’ trade on NSE may have cost broker ₹250 crore loss
622,03-06-2022,"Sensex rallies 566 points in early trade on buying in Reliance, IT stocks"
623,03-06-2022,"India May services growth at 11-year high, input inflation at record"
624,03-06-2022,Inflation expectations stay high: BIES
625,03-06-2022,"Tata Projects to build Noida Airport, beats L&T & Shapoorji Pallonji"
626,02-06-2022,"External affairs minister to visit Slovakia, Czech Republic amid Ukraine war"
627,02-06-2022,Tata Motors beats Hyundai to become No. 2 carmaker
628,02-06-2022,Footballer dies of 16 stab wounds in Vijayawada gang war
629,02-06-2022,100 days of war in Ukraine: A timeline
630,01-06-2022,Vishhal Nikam recalls his lockdown phase
631,01-06-2022,NSE implements system for faster data integration for compliance monitoring
632,01-06-2022,Report on ‘purity of race’ study sparks Congress-BJP war of words
633,01-06-2022,US stocks: Wall Street pulls back after last week's rally with inflation in focus
634,30-07-2022,Steel City remembers JRD Tata on his 118th birth anniv
635,30-07-2022,Sensex ends at 3-month high
636,29-07-2022,"Sensex soars 1,041 points to nearly 3-month high"
637,29-07-2022,"Sensex soars 1,041 pts to nearly 3-month high"
638,28-07-2022,Maharashtra CM Eknath Shinde calls on Ratan Tata
639,28-07-2022,"Jaguar Land Rover drives Tata Motors into a Rs 5,000 cr loss"
640,28-07-2022,West Bengal Government to start legal process to take over idle Hindustan Motors factory land: CM Mamata Banerjee
641,28-07-2022,Photo war in Chennai ahead of chess event
642,28-07-2022,Maharashtra: Radheshyam Mopalwar named DG war room for infra projects
643,24-07-2022,"Pandemic soothes tempers, unites separated Gujarat couple"
644,24-07-2022,Twitter war erupts between Pakistan PM Shehbaz Sharif and Imran Khan
645,23-07-2022,How tech helped CBSE overcome pandemic hurdles for smooth exam
646,23-07-2022,"Tata Motors bags tender to provide 1,500 e-buses to Delhi Transport Corporation"
647,23-07-2022,Performance dips in CBSE exam due to Covid pandemic
648,22-07-2022,Tata Consumer Products bets big on recently launched plant-based meat range
649,22-07-2022,PM loans: Only 9% hit by pandemic return for top-up in Noida
650,20-07-2022,ED arrests Mumbai ex-top cop in NSE phone tapping case
651,20-07-2022,"Double trouble for students with weaker rupee, US inflation spike"
652,20-07-2022,"iSec hired to analyse NSE staff calls, not record: Retired Mumbai police chief Sanjay Pandey"
653,20-07-2022,Ukraine war can hit food security bid: India at UN
654,20-07-2022,A year more for projects stalled in pandemic
655,20-07-2022,"Sensex, Nifty recover after initial drop"
656,20-07-2022,"iSec hired to analyse NSE staff calls, not record: Ex-CP"
657,19-07-2022,"Global cues, FPI buying help sensex rise 760 points"
658,18-07-2022,Sebi clears BSE chief Chauhan as NSE’s CEO
659,18-07-2022,"Tata Motors hikes prices again, cites increased input costs"
660,18-07-2022,Primary school dropout rate up due to pandemic in Goa
661,18-07-2022,Pandemic impact: US pips UAE to become top source of remittances
662,18-07-2022,Pandemic impact: US pips UAE to become top source of remittances
663,18-07-2022,Sebi clears BSE chief Ashish Kumar Chauhan as NSE’s CEO
664,17-07-2022,"Delhi: AAP, BJP in a war of words over wall collapse in Alipur"
665,16-07-2022,Chieftains Martyrs’ Day to be annual event at Delhi’s National War Memorial
666,15-07-2022,"2 years and counting, NIV fights pandemic battle from virus to vaccine"
667,15-07-2022,"Phone-tap case: ED arrests NSE ex-CEO, books ex-cop"
668,14-07-2022,Telangana: Congress war room to help flood hit
669,13-07-2022,"Long war ahead: Edappadi K Palaniswami-O Panneerselvam rivalry reaches Madras HC, banks"
670,13-07-2022,India’s poor face low inflation risk: UN
671,12-07-2022,Toxic briefing war against Rishi Sunak now emanating from rival Tory party factions
672,12-07-2022,"Tamil Nadu: Edappadi K Palaniswami wins a battle, O Panneerselvam starts a war"
673,12-07-2022,‘Sextortion’ rackets on the rise post pandemic
674,11-07-2022,Parties in poster war over Deoghar airport before PM Modi’s visit tomorrow
675,11-07-2022,Parties in poster war over Deoghar airport before PM Modi’s visit tomorrow
676,10-07-2022,Inflation may ease in second half of 2022-23: RBI governor
677,08-07-2022,"Tata Projects execs, Power Grid official held in graft case"
678,07-07-2022,"Sensex rises 2,000 points from June low as crude cools"
679,07-07-2022,Sensex rises 2k pts from June low as crude cools
680,07-07-2022,US ‘Memorial Wall’ honour for JRD Tata
681,06-07-2022,NSE case: ED quizzes Mumbai ex-top cop
682,06-07-2022,Tata Motors can bid for electric buses if BEST floats fresh tender: Bombay HC
683,06-07-2022,"Tata Motors, Biocon, Tata Steel and oother stocks in news today"
684,04-07-2022,ED summons ex-CP Pandey in NSE scam case
685,04-07-2022,ED summons former Mumbai police commissioner Sanjay Pandey in NSE scam case
686,04-07-2022,"261 schools, mostly private, in Karnataka shut down in first year of pandemic"
687,04-07-2022,"261 schools, mostly private, in Karnataka shut down in first year of pandemic"
688,04-07-2022,"261 schools, mostly private, in Karnataka shut down in first year of pandemic"
689,04-07-2022,"261 schools, mostly private, in Karnataka shut down in first year of pandemic"
690,04-07-2022,ED summons ex-Maha top cop in NSE scam case
691,04-07-2022,"Share Market: HDFC Bank, Tata Sons and other stocks in news today"
692,02-07-2022,City shrugs off pandemic blues with khuti pujas
693,02-07-2022,"Inflation in Pakistan stands at 21.3%, highest in 13 years"
694,01-07-2022,"Rupee, sensex see worst quarter since Covid"
695,31-08-2022,Germany: Can't liken China's LAC violation to Putin's war
696,31-08-2022,"Last Soviet leader Mikhail Gorbachev, who ended Cold War and won Nobel prize, dies aged 91"
697,31-08-2022,"Tata Sons AGM votes to have separate chiefs for co, Trusts"
698,31-08-2022,"Tata Sons AGM votes to have separate chiefs for company, Trusts"
699,31-08-2022,"Kadiyam Srihari, Thatikonda Rajaiah spat turns ugly in Telangana Rashtra Samithi war of words"
700,31-08-2022,"Sensex jumps 1,564 pts to 59.5k as FPIs buy again"
701,31-08-2022,Mikhail Gorbachev ended Cold War but presided over Soviet collapse
702,31-08-2022,"Tata Sons AGM votes to haveseparate chiefs for co, Trusts"
703,31-08-2022,"Sensex jumps 1,564 pts to 59.5k as FPIs buy again"
704,30-08-2022,Delhi court junks bail plea of NSE ex-chief Chitra Ramkrishna
705,30-08-2022,"Nagpur: From an epic war to bypass story, unique blend of arts"
706,30-08-2022,Sensex tanks 861 pts as FIIs turn net sellers
707,30-08-2022,Sensex tanks 861 pts as FIIs turn net sellers
708,29-08-2022,"US Fed’s tough fight on inflation unnerves D-St traders, investors"
709,29-08-2022,"US Fed’s tough fight on inflation unnerves D-St traders, investors"
710,28-08-2022,Tata Steel aims to double domestic crude steel prod
711,28-08-2022,Programme to honour war veterans
712,27-08-2022,"Criminal dies, another injured in suspected gang war in south Delhi"
713,27-08-2022,UP CM Yogi Adityanath urges youth to join govt in war against drug menace
714,27-08-2022,"Tata Memorial’s NCG digitisation to help improve cancer care, research"
715,26-08-2022,"13% dip in tax collection, 51% rise in market borrowings in pandemic year, says CAG"
716,26-08-2022,Bhopal Automobile Dealers' Association head becomes Federation Of Automobile Dealers chairman
717,25-08-2022,"Maruti Suzuki, Tata Power and other stocks in news today"
718,24-08-2022,"Inflation peaked at 7.8%, 4% target by FY24: RBI governor"
719,24-08-2022,"West Bengal PCB sets up war room to fight air, noise pollution"
720,24-08-2022,"Inflation peaked at 7.8%, 4% target by FY24: RBI governor Shaktikanta Das"
721,24-08-2022,"PCB sets up war room to fight air, noise pollution"
722,24-08-2022,Six-member panel formed to probe leopard death in Tata Zoo
723,23-08-2022,"Sensex back at 58k on weak global cues, profit-booking"
724,23-08-2022,"Infosys, TCS, Tata Power and other stocks in news today"
725,23-08-2022,"Sensex back at 58k on weak global cues, profit-booking"
726,20-08-2022,"RBI says inflation easing, but uncertainty still looms"
727,20-08-2022,"Growth, inflation worries for FY23 reducing: Finmin"
728,20-08-2022,"Sensex snaps 5-day rally, sees marginal weekly gain"
729,20-08-2022,"RBI says inflation easing, but uncertainty still looms"
730,18-08-2022,Pandemic opened pharma industry’s eyes to tech: Saama
731,18-08-2022,"Sensex regains 60k on FII inflows, falling crude price"
732,18-08-2022,US delegation lauds India's efforts during pandemic
733,18-08-2022,"Satyajit Ray films overcome war hurdle, reach Moscow"
734,18-08-2022,UK inflation in double digits after 40 years
735,17-08-2022,WHO: Global pandemic treaty draft to be ready in 18 months
736,17-08-2022,"Beg, borrow... heal: Kids who dropped out during lockdown return to school"
737,17-08-2022,WPI inflation eases to 5-mth low of 13.9%
738,17-08-2022,"Sensex gains 379 pts, nears 60k again on global, domestic cues"
739,17-08-2022,"Easing inflation to help eco, says SBI chief"
740,17-08-2022,"Easing inflation will improve economy, says SBI chairman"
741,17-08-2022,Tata backs co that links senior citizens & ‘grandkids’
742,17-08-2022,Draft of global pandemic treaty to be available in next 18 months: WHO scientist Soumya
743,16-08-2022,Two flagship Tata Trusts may end up with separate heads
744,16-08-2022,2 flagship Tata Trusts mayend up with separate heads
745,16-08-2022,"Tata Chemicals, LIC, HDFC Bank, M&M and other stocks in news today"
746,16-08-2022,"District minister Govind Karjol, Belagavi (South) BJP MLA Abhay Patil in war of words over Ballari Nala meet"
747,16-08-2022,Pune: Veteran of 1962 Indo-China war hoists national flag on Independence Day
748,16-08-2022,Markets trade firm; sensex climbs over 395 points in early trade
749,15-08-2022,99.5% of train operations prior to pandemic restored: South Western Railway
750,15-08-2022,Indore: Bridge courses for students to overcome pandemic gap
751,13-08-2022,Retail inflation moderates to 5 month low of 6.7% in July
752,12-08-2022,"Sensex back above 59,000 as slower US inflation lifts global markets"
753,12-08-2022,2 police wings merged for war on drugs: Tamil Nadu CM M K Stalin
754,12-08-2022,Government hopes inflation eases to 6% on lower int’l prices
755,12-08-2022,Sensex back above 59k as slower US inflation lifts global markets
756,12-08-2022,Kaun Banega Crorepati 14: Actor Sonu Sood reveals how contestant Sampada helped him during Covid-19 pandemic
757,12-08-2022,Sensex back above 59k as slower US inflation lifts global markets
758,11-08-2022,"Goa to sign MoU with Tata Memorial hospital, Centre for cancer institute: Health minister Vishwajit Rane"
759,11-08-2022,Rakhi cheer as sales go up after pandemic lull in Hyderabad
760,11-08-2022,Tamil Nadu: War of words over meet between governor R N Ravi and Rajinikanth
761,11-08-2022,US inflation eases to 8.5% in July as energy costs dip
762,11-08-2022,Apparel retailers to see 21-23% revenue growth this fiscal despite inflation impacting demand
763,11-08-2022,"Post Covid, Tata Mumbai Marathon is back with a bang"
764,10-08-2022,Russia launches Iranian satellite amid Ukraine war concerns
765,10-08-2022,Kolkata school organises first soccer meet after pandemic
766,10-08-2022,Tata Sons profit more than doubles in FY22
767,10-08-2022,Tata Sons profit more than doubles in FY22
768,08-08-2022,"Kolkata: 19-year-old driver revving Jaguar loses control, kills 40-year-old"
769,08-08-2022,War of words: Does Binance own WazirX?
770,08-08-2022,Tata Motors to buy Ford India's manufacturing plant for $91 million
771,08-08-2022,War of words: Does Binance own WazirX?
772,07-08-2022,"1,900 children quit school in Mumbai Metropolitan Region amid pandemic"
773,05-08-2022,"Aurangabad: 5 men strike 2 automobile showrooms, flee with Rs 15 lakh"
774,05-08-2022,"Tata Power to have 1,500 e-charging stns in state"
775,04-08-2022,"Post-Covid, inflation hits health, motor covers"
776,04-08-2022,Grand start to annual Vasco saptah after 2-year pandemic gap
777,04-08-2022,"Post-Covid, inflation hits health, motor covers"
778,03-08-2022,"Govt, RBI trying to keep inflation under 6%: Finance minister"
779,03-08-2022,Russia accuses US of direct Ukraine war role
780,01-08-2022,"Injuries must be suffered in ‘action’ or ‘battle’ for war injury pension, rules Armed Forces Tribunal"
781,01-08-2022,"Gang war averted in Jaipur, 7 arrested"
782,30-09-2022,First cruiseliner after pandemic docks in Goa
783,30-09-2022,Sensex sinks 750 pts from high as FPIs sell
784,29-09-2022,"Rupee nears 82/$, sensex slides for sixth day in row"
785,29-09-2022,Hind Motors EV JV structure to be ready by October
786,27-09-2022,"Upgrade app, war room: Gopal Rai to Delhi Pollution Control Committee as winter nears"
787,27-09-2022,Delhi Skill and Entrepreneurship University in tie-up with automobile firm for EV innovation
788,27-09-2022,"Sensex tanks on foreign fund selling, at two-month low"
789,27-09-2022,"Sensex tanks as foreign funds sell big, at 2-mth low"
790,27-09-2022,Tata Motors to raise prices of CVs
791,27-09-2022,"Vodafone Idea, Tata Motors and other stocks in news today"
792,26-09-2022,Indore: Automobile showroom sealed
793,25-09-2022,"Col Dinesh Naikawade, Kargil war veteran, passes away in Pune"
794,24-09-2022,"Fuel price cut held hostage by volatile oil, rupee fall and inflation"
795,24-09-2022,Tata Steel to merge 7 metal cos with itself
796,24-09-2022,Inflation top challenge globally: Nestle CEO
797,24-09-2022,Inflation top challenge globally: Nestle CEO Mark Schneider
798,24-09-2022,Tata Steel to merge 7 metal companies with itself
799,24-09-2022,"Sensex dives 1,021 pts on foreign investor flight, weaker currency"
800,23-09-2022,Tatas to pull plug on Tata Health after 7 years
801,23-09-2022,"Hyderabad: Crazy war for T20 tickets sparks stampede, 7 injured"
802,23-09-2022,Tata Power to set up 4-5 substations in Mumbai highrises
803,23-09-2022,"Tata Steel, HeroMotoCorp, Welspun and other stocks in news today"
804,23-09-2022,Sensex falls for 2nd day in row
805,23-09-2022,Tatas to pull plug on Tata Healthafter 7 years
806,22-09-2022,"Govt sweetens package on semiconductor amid talks with Taiwan co, Tata"
807,22-09-2022,Maharashtra: Police told to set up panels to withdraw lockdown cases
808,22-09-2022,"Adani, Tata offer cheaper power for puja pandals in Mumbai"
809,21-09-2022,Sensex rally loses steam ahead of Fed’s rate call
810,21-09-2022,Delhi cops act to avoid gang war after Rajasthan killing
811,21-09-2022,Sensex rallies 579 points ahead of Fed’s rate call
812,21-09-2022,Sensex rally loses steamahead of Fed’s rate call
813,21-09-2022,"Wipro, Tata Steel, Ambuja Cements and other stocks in news today"
814,19-09-2022,"US President Joe Biden says 'the pandemic is over' even as death toll, costs mount"
815,18-09-2022,‘India’s vote doesn’t signal shift in Ukraine war stand’
816,17-09-2022,Tata Power to expand solar plant at Tata Motors plant
817,17-09-2022,"Sensex dives 1,093 pts on fears of sharp rate hikes"
818,17-09-2022,Hyderabad: Integration or liberation? TRS & BJP turf war begins
819,17-09-2022,"Sensex dives 1,093 pts on fears of sharp rate hikes"
820,17-09-2022,Jamshedpur: Fate of 12 lakh people living on Tata Steel leased land uncertain
821,16-09-2022,"West Bengal now good place to invest in, we're very bullish: Tata bosses"
822,16-09-2022,"Tata Power, PVR, UPL and other stocks in news today"
823,16-09-2022,Sensex falls over 500 points in early trade amid weak global markets
824,15-09-2022,"Sensex swings 1,232 pts, weathers Wall St rout"
825,15-09-2022,"War of words between ruling, oppn leaders over Foxconn moving to Guj"
826,15-09-2022,West Bengal CM Mamata Banerjee to throw open Rs 600-crore Tata Metaliks expansion plant
827,15-09-2022,"Sensex swings 1,232 points, weathers Wall Street rout"
828,15-09-2022,WPI inflation dips in Aug to 11-month low of 12.4%
829,15-09-2022,"Tata Steel, SBI and other stocks in news today"
830,15-09-2022,End of Covid pandemic is 'in sight': WHO chief
831,14-09-2022,"Amid drill with Japan, Indian ships also in Australia for war game"
832,14-09-2022,Inflation jump triggers fears of sharp rate hike this month
833,14-09-2022,Armenia-Azerbaijan clash sparks fears of another war
834,14-09-2022,Inflation jump triggers fears of sharp rate hike this month
835,14-09-2022,Inflation jump triggers fears of sharp rate hike this month
836,13-09-2022,"Retail inflation up in August to 7%, IIP slows sharply"
837,13-09-2022,"Kerala govt to vaccinate stray dogs on war footing, says minister M B Rajesh"
838,13-09-2022,"Sensex up for 3rd day, hits 60k pts again"
839,13-09-2022,West Bengal: 500 to oar in this year’s Sundarbans boat war
840,12-09-2022,Pandemic grounded: Fliers go up by 143% in 5 months
841,11-09-2022,"Kolkata: Out of pandemic shadow, organizers loosen purse strings for bigger and better pujas"
842,11-09-2022,Punjab: Rust defeats war museum in Ferozeshah
843,09-09-2022,"In a 1st, global HDI values dip, pulled down by Covid & war"
844,09-09-2022,"Delhi: Butterfly month starts, students are back for walks after pandemic break"
845,09-09-2022,Provide relief on war footing to Gadchiroli villages cut off by floods: HC to govt
846,09-09-2022,Inflation management can’t be left to monetary policy alone: FM
847,09-09-2022,"In a 1st, Tata Power planning for underground substations in city"
848,08-09-2022,"Tata Power, InterGlobe Aviation and other stocks in news today"
849,07-09-2022,"Global woes, inflation may not hit recovery: Moody’s"
850,07-09-2022,Ahmedabad: Inflation expectations have fallen below 5% says report
851,07-09-2022,"Cyrus Mistry cremated, 92-year-old Simone Tata attends in wheelchair"
852,06-09-2022,Green trucking to have double-digit share by 2030: Tata Motors
853,06-09-2022,"Former Tata Group chairman Cyrus Mistry injured head & chest, had haemorrhage: Autopsy"
854,06-09-2022,"RIL, Delhivery, Tata Motors and other stocks in news today"
855,05-09-2022,Tata Sons ex-chairman Cyrus Mistry killed in Ahmedabad-Mumbai highway accident
856,05-09-2022,"Soft-spoken, easy-going, Cyrus Mistry was youngest to head Tata Group"
857,05-09-2022,Bangladesh PM thanks India for help during pandemic
858,05-09-2022,Pandemic triggered disorders in children’s behaviour: Experts
859,03-09-2022,"IMF warns of protests, instability as Pakistan inflation touches 47-year high"
860,03-09-2022,US inflation spike spells trouble for Telangana students
861,02-09-2022,Sensex dives 770 points on foreign fund selloff
862,01-09-2022,Eye donation movement yet to recover from pandemic blow
863,01-09-2022,"Pandemic curbs gone, Lucknow soaks in Ganesh Chaturthi festivities"
864,01-09-2022,"For Putin, Ukraine war bid to undo Mikhail Gorbachev legacy"
865,01-09-2022,India’s inflation rate is lower than in US & China: Karad
866,01-09-2022,"Oil firms, SBI, Zomato, Tata Motors and other stocks in news today"
867,31-10-2022,Delhi: On a wind and a prayer in war on pollution
868,31-10-2022,"Maharashtra CM Eknath Shinde asks CAG to probe Rs 12,000 crore BMC contracts before, during pandemic"
869,30-10-2022,How a myopia pandemic caused by Covid could hurt half the world
870,30-10-2022,Tata Trusts’ CEO to ‘retire’; Cyrus cousin named trustee
871,30-10-2022,Bengaluru’s auto war goes high tech as 2 unions to launch apps soon
872,30-10-2022,Tata Trusts’ CEO to ‘retire’; Cyrus cousin named trustee
873,29-10-2022,General Motors Co temporarily halts paid advertising on Twitter
874,29-10-2022,"Sensex reclaims 60k, closes a tad lower on profit-taking"
875,29-10-2022,"Mumbai: Sensex reclaims Rs 60,000, closes a tad lower on profit-taking"
876,28-10-2022,"After pandemic break, sports trials back in Delhi University from October 31"
877,28-10-2022,"Maruti, Dr Reddy's, Tata Power and other stocks in news today"
878,27-10-2022,"Dabur, Tata Chemicals, Hero Motocorp and other stocks in news today"
879,26-10-2022,"Court cites contradictions, gives bail to NSE 'scamster'"
880,26-10-2022,"Sensex crosses 60,000 after 6 weeks, 4% away from all-time high"
881,25-10-2022,Sensex makes biggest Muhurat gain in 14 years
882,25-10-2022,Sensex makes biggest Muhurat gain in 14 yrs
883,25-10-2022,Those who ventured into dairying in Dakshina Kannada district during pandemic quit it
884,25-10-2022,BSE launches electronic gold receipts
885,25-10-2022,Myanmar military defends deadly air strike after accusations of war crime
886,25-10-2022,Bigg Boss Telugu 6: Geetu and Marina engage in a verbal war in upcoming captaincy contender task; here's what netizens think
887,24-10-2022,Tata Steel & IIT-R ink deal for cancer detector
888,23-10-2022,Finance ministry: Fresh inflation fears in 2023 if geopolitical rows intensify
889,23-10-2022,"After pandemic lull, Dehradun markets abuzz with shoppers before Diwali"
890,23-10-2022,Jharkhand: Automobile sales up by 20% this year
891,22-10-2022,Samvat 2078 worst for sensex in 7 years even as investor wealth grew
892,22-10-2022,Sensex ends Samvat in red 1st time in 7 years
893,21-10-2022,"Use Covid pandemic to manage future outbreaks, says Union health minister Mansukh Mandaviya"
894,21-10-2022,Dilip rural poll war cry: ‘Be ready for ultimate sacrifice’
895,20-10-2022,From TCS to Taj: Several Tata Group companies helping revive Air India
896,20-10-2022,NSE may exclude HDFC from Nifty index before its merger with HDFC Bank
897,20-10-2022,All hands on deck: How Tata companies help revamp Air India
898,20-10-2022,Sensex rises over 3% in 4-day rally
899,19-10-2022,IIT-Roorkee develops 'cancer detector' and transfers its technology to Tata Steel
900,19-10-2022,HDFC merger: NSE may tweak index rules
901,19-10-2022,"Adani Enterprises, HCL Tech, Tata Motors and other stocks in news today"
902,19-10-2022,HDFC merger: NSE may tweak index rules
903,19-10-2022,Automobile dealers unhappy with low customer footfall
904,18-10-2022,"Inflation war to be dogged, prolonged: RBI"
905,18-10-2022,"Political road show, protests & war of words"
906,18-10-2022,"Inflation war to be dogged, prolonged: RBI"
907,18-10-2022,"Tata Communications, PVR, Adani Tranmission and other stocks in news today"
908,17-10-2022,Tata AIA to incentivise healthy lifestyle
909,17-10-2022,Tata AIA to incentivise healthy life
910,17-10-2022,Pandemic to downturn alarm: 40% offices in ‘hi-tech’ Hyderabad still vacant
911,15-10-2022,Wholesale inflation eases to 18-month low of 10.7% in September
912,15-10-2022,"Sensex soars 1,200 points intraday"
913,15-10-2022,"Mumbai: Tata Power reports cyber attack on IT infrastructure; says all critical operations functioning, no impact on supply"
914,15-10-2022,"Sensex soars 1,200 points intraday"
915,15-10-2022,"Tata Power reports cyber attack on IT infra; says all critical ops functioning, no impact on supply"
916,15-10-2022,‘Plans on to make clubs absorb more Tata footballers’
917,13-10-2022,Sourav Ganguly's possible BCCI exit sparks TMC-BJP war of words
918,13-10-2022,"CM Yogi Adityanath visits flood-hit UP districts, orders relief & rescue operations on a war footing"
919,13-10-2022,Lucknow: Tata AIG deprived of Rs 54 lakh by cyber fraudsters
920,13-10-2022,"Retail inflation at 5-month high of 7.4%, IIP contracts 0.8%"
921,13-10-2022,"Delhi govt hikes minimum wages, Manish Sisodia says it will provide relief from inflation"
922,13-10-2022,State BJP brass to set up war room in Choutuppal
923,13-10-2022,Tata offers 3cr equipment to health centres
924,12-10-2022,"After pandemic pause, don’t miss breast cancer screening now: Docs"
925,12-10-2022,"Chennai: Gang war on Alandur street, two-wheelers, autos trashed"
926,12-10-2022,Sensex tanks 844 pts on rising global tensions
927,11-10-2022,"Re hits record low of 82.72/$, sensex slides"
928,11-10-2022,"Rupee hits record low of 82.72/$, sensex slides"
929,11-10-2022,MK Stalin to Centre: Don't force another language war on us
930,11-10-2022,"Re hits record low of 82.72/$, sensex slides"
931,10-10-2022,Last war before Independence which shook British empire
932,10-10-2022,"HUL, Tata Motors, and other stocks in news today"
933,10-10-2022,Pandemic effect? Mental health issues surge by 254% in district
934,09-10-2022,No HC relief to adoptive couple in war with biological parents
935,09-10-2022,"Maharashtra: Automobile sales pick up, dealers happy"
936,08-10-2022,"Tata Power mulls 10,000 MW clean energy capacity in next five years in Rajasthan"
937,08-10-2022,"Baghel, BJP in war of words over law & order"
938,07-10-2022,"Tiger on the hunt on campus, Bhopal NIT in lockdown mode"
939,07-10-2022,Sr NSE exec gets interim HC shield in default case
940,07-10-2022,Pandemic effect? Stroke cases rise three times in Indore
941,06-10-2022,"Tata Steel, HCL Tech, Zee Entertainment, JSW Energy and other stocks in news today"
942,06-10-2022,Deficient rain in gangetic plain is likely to increase food inflation in the near term
943,06-10-2022,Manager at automobile firm booked for embezzlement
944,05-10-2022,Sensex zooms 1.3k pts on US mkts
945,05-10-2022,Gujarat's automobile market gets festive acceleration
946,05-10-2022,Sensex zooms 1.3 k points on US markets
947,05-10-2022,Haryana sets up 'green war room' to fight bad air
948,05-10-2022,"Nasdaq jumps 3.3%, extending US stocks rally as Twitter surges"
949,05-10-2022,Sensex zooms 1.3k pts on US mkts
950,04-10-2022,Sensex dips 638 pts to sub-57k level on weak global cues
951,04-10-2022,"In a first, RBI to tell government why inflation target is breached"
952,04-10-2022,Heart attack cases up after pandemic in Indore
953,04-10-2022,Why India's inflation basket needs an overhaul
954,04-10-2022,"Sensex dips 638 pts to sub-57,000 level on weak global cues"
955,04-10-2022,Sensex dips 638 pts lower at sub-57k on weak global cues
956,04-10-2022,Madras HC quashes FIR filed against public protest in pandemic
957,04-10-2022,Heart attack cases up post Covid pandemic
958,03-10-2022,Medicine Prize opens Nobel week clouded by war
959,03-10-2022,"Jamshedpur: After two years pandemic lull, JSR soaks in festive spirit"
960,02-10-2022,Experts say pandemic stage may be over for Covid in Andhra Pradesh
961,01-10-2022,RBI lists Tata Sons with 15 NBFCs for more regulation
962,01-10-2022,Sept inflation number may be higher than 7%: RBI guv
963,01-10-2022,CDS signals integrated war machinery
964,01-10-2022,"Sensex rallies 1k pts, breaks losing streak"
965,01-10-2022,RBI lists Tata Sons with 15 NBFCs for more regulation
966,01-10-2022,"Sensex rallies 1k pts, breaks losing streak"
967,30-11-2022,Gujarat elections 2022: Kharge’s ‘Ravan’ barb at PM sparks war of words between BJP & Congress
968,30-11-2022,Sensex hits new high for 4th day in row
969,29-11-2022,Sensex closes at record high for 3rd day in a row
970,29-11-2022,PM Modi: Vote bank made Congress tie up hands of forces in terror war
971,29-11-2022,PM Modi: Vote bank made Congress tie up hands of forces in terror war
972,29-11-2022,Sensex closes at record high for third day in a row
973,28-11-2022,Delhi MCD polls: Asaduddin Owaisi accuses CM Arvind Kejriwal of bias against Muslims during pandemic and NE riots
974,28-11-2022,Delhi MCD polls: Asaduddin Owaisi accuses CM Arvind Kejriwal of bias against Muslims during pandemic and NE riots
975,27-11-2022,Delhi: Capital City Minstrels back on stage with music of hope after pandemic
976,26-11-2022,Maharashtra's active Covid count at lowest point since start of the pandemic
977,26-11-2022,"Some LAC problems due to '62 war loss, says Jaishankar"
978,26-11-2022,"US stocks: Nasdaq ends down as investors eye Black Friday sales, China infections"
979,26-11-2022,"Kolkata: Fan war takes to the skies, boosts kite biz"
980,25-11-2022,Black Friday Sale: Inflation makes bargains elusive
981,25-11-2022,I hope my first performance in Hyderabad post pandemic will be a memorable one: Bombay Jayashri
982,25-11-2022,CM vows to encourage automobile industry in Belagavi
983,25-11-2022,Sensex hits lifetime high after Fed hints at slower rate hikes
984,25-11-2022,"Already listed on BSE, pharma major ZIM Laboratories to make NSE debut today"
985,23-11-2022,Victims' kin to commemorate sinking of SS Tilawa in World War II
986,23-11-2022,WHO hunts for the next big pandemic bug
987,22-11-2022,Kolkata: Bow Barracks set to welcome back Christmas visitors post pandemic
988,21-11-2022,"Tata Motors, Zomato, ONGC and other stocks in news today"
989,21-11-2022,Wreath laying ceremony at Sudarshan Chakra War Memorial
990,20-11-2022,"For Customs, new frontier in war on drugs is the humble post office"
991,19-11-2022,UP sets up war room for Global Investors Summit
992,19-11-2022,Another Chinese company under lens: Tax raids on MG Motors
993,19-11-2022,Tata Motors to replace DRL in sensex
994,18-11-2022,Telangana's rural inflation highest in country
995,18-11-2022,Telangana: Goons on prowl make commute to Tata Institute of Social Science traumatic for girl students
996,18-11-2022,Goa: First full-fledged International Film Festival of India after pandemic set to be bigger
997,18-11-2022,Why TRS is at war with Election Commission over 'belan' and 'roti' rolling board
998,18-11-2022,Bruhat Bengaluru Mahanagara Palike paid firm Rs 5 crore to set up Covid war room
999,18-11-2022,BBMP paid firm ₹5cr to set up Covid war room
1000,18-11-2022,"Tata Hitachi eyes 6,500cr biz in 3yrs"
1001,17-11-2022,"Sensex regains 62k, closes at all-time high of 61,981"
1002,17-11-2022,Class 8th student from Rohtak writes a book on her experience during pandemic
1003,17-11-2022,"Sensex regains 62k, closes at all-time high of 61,981"
1004,17-11-2022,Sujit Naik’s century helps Tata gain lead
1005,16-11-2022,US stocks end higher amid signs of slowing inflation
1006,15-11-2022,Covid numbers in India drop to lowest since initial weeks of pandemic
1007,15-11-2022,‘Love jihad is war strategy to attract women’
1008,15-11-2022,Maharashtra govt school admissions better after pandemic
1009,15-11-2022,"Retail inflation below 7% in Oct, WPI eases to 8.4%"
1010,14-11-2022,"In life after Covid, a mental health pandemic emerges"
1011,13-11-2022,"October retail inflation to be below 7%, says RBI governor"
1012,13-11-2022,"Oct retail inflation to be below 7%, says RBI governor"
1013,13-11-2022,"Oct retail inflation will be below 7%, says RBI governor"
1014,12-11-2022,"Sensex hits one year high, nears record peak of 62,000"
1015,12-11-2022,"Centre, state in war of words on dengue info"
1016,11-11-2022,The pandemic has made it harder for me to do my art: Anoushka Shankar
1017,11-11-2022,Delhi: AAP’s war room to drive poll campaign
1018,11-11-2022,Sensex falls on US market weakness
1019,11-11-2022,Mutual fund SIP flows surge 50% in pandemic
1020,10-11-2022,Bosco Martis: I almost cried when the Rocket Gang set had to be broken during the lockdown - Exclusive
1021,10-11-2022,"Post-WW2 era, Covid lockdown among themes of Guwahati theatre fest"
1022,10-11-2022,New leprosy cases see drop in Hyderabad as pandemic hits screening efforts
1023,06-11-2022,Gujarat: Textiles units hurt by US-Europe inflation
1024,06-11-2022,West Bengal: 2 held for Rs 32 crore online fraud during pandemic
1025,05-11-2022,Delhi: LG VK Saxena's letter to Punjab CM Bhagwant Mann sparks war of words
1026,05-11-2022,Why everyone in arms industry loves a good war
1027,05-11-2022,Gujarat: Home textiles sector hurt by US-Europe inflation
1028,04-11-2022,"God of War Ragnarok offers six graphics modes on PS5, three on PS4: Here's why it's a big deal"
1029,04-11-2022,Karnataka: Woman auto driver in Kodagu motors ahead without fear
1030,04-11-2022,RBI likely to assure government it will rein in inflation in FY24
1031,04-11-2022,RBI likely to assure government it will rein in inflation in FY24
1032,04-11-2022,Tata Hitachi makes Kgp plant its exports hub
1033,04-11-2022,Jamshedpur: Tata Steel dispatches 1st steel slag consignment to BRO
1034,03-11-2022,"After truce, fresh war of words between Bacchu Kadu and Ravi Rana"
1035,03-11-2022,Ukraine war pushes fertiliser subsidy bill to record Rs 2.2 lakh crore
1036,02-11-2022,Tata Memorial Hospital trains cancer patient navigators for Indonesia
1037,02-11-2022,Noel’s children come on board Tata Trust entity
1038,02-11-2022,Sensex crosses 61k after 10 mths
1039,02-11-2022,Seeman warns of language war in state
1040,02-11-2022,Sensex crosses 61k after 10 months
1041,01-11-2022,Will meet VED as we plan new ventures: Tata boss to Nitin Gadkari
1042,01-11-2022,"Back to business after pandemic pause? PG owners, eateries around Delhi University hope to recover"
1043,01-11-2022,"Sensex at 10-month high, recovers 9k points in 4 months"
1044,01-11-2022,Tata Steel’s Q2 profit dives 90%
1045,01-11-2022,"Sensex at 10-month high, recovers 9,000 points in 4 months"
1046,01-11-2022,Tata Steel’s Q2 profit dives 90%
1047,01-11-2022,Bengaluru: Veterans slam traffic police over Haifa war memorial
1048,30-12-2022,India's Eicher Motors to invest in Spanish EV firm Stark
1049,30-12-2022,"To make Maharashtra $1 trillion economy, CM Eknath Shinde forms panel led by Tata Sons’ Chandrasekaran"
1050,30-12-2022,"To make Maharashtra $1 trillion economy, CM Eknath Shinde forms panel led by Tata Sons’ Chandrasekaran"
1051,30-12-2022,"To make Maharashtra $1 trillion economy, CM Eknath Shinde forms panel led by Tata Sons’ Chandrasekaran"
1052,30-12-2022,"To make Maharashtra $1 trillion economy, CM Eknath Shinde forms panel led by Tata Sons’ Chandrasekaran"
1053,30-12-2022,Guwahati: Household budgets shrink amid Covid and inflation
1054,30-12-2022,"RIL, Cipla, Eicher Motors and other stocks in news today"
1055,29-12-2022,5 lakh-plus vehicles registered in Mumbai during pandemic years
1056,29-12-2022,"SBI, Tata Steel, KFin Technologies and other stocks in news today"
1057,28-12-2022,Maharashtra pays woman Rs 1 lakh for no medical aid during lockdown
1058,28-12-2022,Maharashtra pays woman Rs 1 lakh for no med aid during lockdown
1059,28-12-2022,Sensex up for 2nd day in row on global cues
1060,27-12-2022,"Over call with Ukraine President Zelenskyy, PM Modi urges for end to war"
1061,27-12-2022,"Over call with Ukraine President Zelenskyy, PM Modi urges for end to war"
1062,27-12-2022,Ukrainian who lost many kin in war hangs self in Kashi
1063,27-12-2022,Manasi Tata is director on Kirloskar JVs
1064,27-12-2022,"Sensex up 721 points, recoups nearly half of last week's loss"
1065,27-12-2022,'Reducing core inflation key to easing prices’
1066,27-12-2022,Manasi Tata on the board of KSPL’s JV cos
1067,27-12-2022,Manasi Tata now director on board of KSPL JV cos
1068,26-12-2022,Lockdown imposed digital education hierarchies. Hopefully no more
1069,26-12-2022,"Rise in crime after government waged war on drugs, says Assam chief minister Himanta Biswa Sarma"
1070,26-12-2022,"Tata Motors, Union Bank of India, HDFC and other stocks in news today"
1071,25-12-2022,"Settled in US, VNITian donating for victims of Ukraine war"
1072,25-12-2022,Construction of 4 auditoriums delayed due to pandemic in Ahmedabad
1073,24-12-2022,"Despite progress, US Federal Reserve remains focused on inflation fight as 2023 rolls in"
1074,24-12-2022,Sensex dives nearly 1k pts over fears of Covid spread
1075,24-12-2022,NSE MD roped in ex-CP's firm in 2009 for illegal snooping: CBI
1076,23-12-2022,Putin says Russia wants end to war in Ukraine
1077,23-12-2022,Bigg Boss 16: Tina Datta and Shalin Bhanot get into an ugly war of words as the former accuses him of taking steroids' to maintain his bulky body
1078,23-12-2022,"Cardinal denounces price rise, Ukraine war"
1079,23-12-2022,Tata Comm to buy live video co for $59mn
1080,23-12-2022,No new Covid wave; no curbs or lockdown needed: Experts
1081,23-12-2022,No coercive action in war room case: HC
1082,22-12-2022,Govt tracking inflation to avoid surge in prices: FM
1083,22-12-2022,Sensex dives 635 points as Covid cases spike in China
1084,22-12-2022,Congress war room raid: Telangana HC stays cop notice against 3
1085,22-12-2022,Sensex dives 635 points as Covid cases spike in China
1086,22-12-2022,HC notice to school mgmt over pay cut in pandemic
1087,21-12-2022,"China's Covid surge spooks D-St, sensex ends in red"
1088,21-12-2022,"Inflation stubborn, signs of upturn in capex: RBI"
1089,21-12-2022,"Inflation stubborn, signs of upturn in capex: RBI"
1090,20-12-2022,"Battle of Longewala: 1971 war hero Bhairon Singh dies, PM Modi, Amit Shah pay rich tributes"
1091,19-12-2022,"BJP, Nitish govt intensify war of words on Saran hooch tragedy payout"
1092,19-12-2022,"Yes Bank, Sun Pharma, Tata Motors and other stocks in news today"
1093,19-12-2022,1971 Longewala war hero Bhairon Singh Rathore battles for life at AIIMS-Jodhpur
1094,19-12-2022,Army celebrates 51 yrs of 1971 Indo-Pak War victory in Jaisalmer
1095,18-12-2022,Sunil Kanugolu war room aims to defame seniors in Telangana: N Uttam Kumar Reddy
1096,18-12-2022,1971 war veteran steals the show at Vijay Diwas run in Pune
1097,18-12-2022,3 masked goons make away with cash in safe from automobile showroom
1098,17-12-2022,Sealed and stamped in memory: Trophies from 1971 war
1099,17-12-2022,"Sensex dives 2,200 points from peak of 63k on Dec 1"
1100,17-12-2022,Patients suffer as Lone World War II era portable X-ray machine is now ‘scrap’
1101,16-12-2022,76-year-old recounts refugee days in Kolkata during Bangladesh liberation war
1102,16-12-2022,Sensex tanks 879 points on Fed’s hawkish stance on rate hikes
1103,16-12-2022,‘BRS engineered war room raid to steal poll blueprint’ in Telangana
1104,16-12-2022,Classroom to war room: IIT & IIM brains to steer poll strategy
1105,15-12-2022,Recurrent viral infections resurface among children in Hyderabad after pandemic lull
1106,15-12-2022,Congress urges Amit Shah to seek governor report on midnight war room raid in Hyderabad
1107,15-12-2022,"SBI, IRCTC, Tata Motors and other stocks in news"
1108,15-12-2022,Tata Comms to transfer IoT biz to arm
1109,14-12-2022,Slowing US inflation raises hopes for Santa Claus rally
1110,14-12-2022,"Police raid Congress war room in Hyderabad, pick up 3 staffers"
1111,14-12-2022,Explainer: Demat accounts increase to 10.6 cr in November but monthly active NSE users dip to 3.6 cr
1112,14-12-2022,Slowing US inflation raises hopes for Santa Claus rally
1113,13-12-2022,Retail inflation moderates to 11-month low of 5.9% in November
1114,13-12-2022,IPO play: Tatas to sell subsidiary Tata Tech shares
1115,13-12-2022,"Bharat Rashtra Samithi loses Telangana echo, BJP stung in hashtag war"
1116,13-12-2022,IPO play: Tatas to sell Tata Tech shares
1117,11-12-2022,Sudanese cadet who lost dad in war now officer
1118,11-12-2022,Tata doctors add old medicine to reduce breast cancer deaths
1119,11-12-2022,Sino-Japanese war doc remembered
1120,10-12-2022,"On Noida's road where Jaguar killed a woman, no cops, no lights"
1121,09-12-2022,"In Mumbai, Tata Memorial, 3 hospitals tie up to cut kids' wait for transplant"
1122,09-12-2022,Inflation likely softened to nine-month low in November: Report
1123,09-12-2022,Sensex snaps 4-day losing run
1124,08-12-2022,Tata Technologies invests in innovation centre in France
1125,08-12-2022,‘Worst of inflation over’: RBI moderates rate hike to 35bps
1126,08-12-2022,‘Worst of inflation is over’: RBI moderates rate hike to 35bps
1127,07-12-2022,Murder charge added against Jaguar driver after order from Noida police commissioner Laxmi Singh
1128,07-12-2022,Murder charge added against Jaguar driver after order from Noida police commissioner Laxmi Singh
1129,07-12-2022,"RBI set to raise rates; outlook on growth, inflation in focus"
1130,06-12-2022,Jaguar with VIP numberplate kills woman parking scooter in Noida
1131,06-12-2022,"'Poor quality of 'dal' shook British empire, led to the last war before Independence'"
1132,06-12-2022,Tata Motors may hike prices in January
1133,06-12-2022,"Tata Motors, Vodafone India, HDFC and other stocks in news today"
1134,06-12-2022,Jaguar that killed woman may have been racing with another SUV: Cops
1135,05-12-2022,RK Beach resembles war zone as Navy Day celebrated with grandeur in Visakhapatnam
1136,03-12-2022,"Sensex closes 416 points in red, ends 8-day rally"
1137,02-12-2022,Sensex closes at record high for 6th day in row
1138,02-12-2022,"Sewage in Najafgarh drain, NGT seeks remedy 'on a war footing'"
1139,02-12-2022,Tata Play: 1st IPO from Tatas since TCS listing in 2004
1140,02-12-2022,Tata Play: 1st IPO from Tatas since TCS listing in ’04
1141,02-12-2022,Sensex closes at record high for 6th day in row
1142,02-12-2022,Tata Play: 1st IPO from Tatas since TCS listing in 2004
1143,01-12-2022,NSE IFSC-SGX Connect aims at full scale operations by June 2023
1144,01-12-2022,"Rate-hike slowdown possible next month, inflation fight far from over: Fed chief Jerome Powell"
1145,01-12-2022,"Sensex hits 63k for first time, investor wealth nears Rs 300L cr"
1146,01-12-2022,"Gang war outside Central Jail, goon injured"
1147,01-12-2022,Why sensex is in green even as other major global indices bleed
1148,01-12-2022,Uttarakhand: War of words between BJP & Congress over Gairsain
1149,01-12-2022,"'India lacks tactical, strategic know-how of war movies'"
1150,01-12-2022,"Sensex hits 63,000 for first time, investor wealth nears Rs 300 lakh crore"
